"Ticker","Sector","Industry","Market Cap","P/S","EPS growth next year","EPS growth past 5 years","EPS growth next 5 years","Sales growth past 5 years","Return on Investment","Gross Margin","Operating Margin","Profit Margin","Price","Target Price"
"FB","Technology","Internet Information Providers",378772.00,17.09,28.29%,49.30%,35.39%,55.50%,8.40%,85.10%,39.60%,27.10%,127.23,154.19
"O","Financial","REIT - Retail",17780.35,16.76,10.98%,4.80%,4.40%,25.10%,2.50%,94.70%,26.30%,25.40%,63.77,67.14
"VRTX","Healthcare","Biotechnology",25187.21,16.17,196.06%,9.30%,53.63%,48.40%,-28.20%,88.00%,-8.70%,-17.70%,94.88,110.32
"PSA","Financial","REIT - Industrial",38743.29,15.66,13.41%,9.20%,8.30%,7.90%,22.70%,73.80%,53.30%,44.40%,216.46,242.33
"FRT","Financial","REIT - Retail",11728.05,15.15,1.05%,6.00%,5.95%,6.50%,6.60%,68.40%,39.90%,32.60%,155.50,165.33
"V","Financial","Credit Services",199826.61,13.88,19.07%,30.70%,16.07%,11.50%,21.40%,,52.40%,38.60%,82.05,91.48
"BK","Financial","Asset Management",44817.43,13.01,10.28%,5.10%,10.00%,-0.80%,3.20%,,83.80%,88.40%,40.84,44.33
"SPG","Financial","REIT - Retail",68991.00,12.89,10.30%,22.90%,7.60%,5.90%,10.40%,81.90%,49.40%,32.70%,208.57,237.95
"AVB","Financial","REIT - Residential",24565.94,12.49,-7.09%,38.10%,0.47%,17.10%,3.40%,66.40%,30.20%,40.40%,169.88,194.38
"CXO","Basic Materials","Oil & Gas Drilling & Exploration",18934.33,12.36,-209.50%,-19.20%,3.94%,16.20%,3.40%,67.50%,-96.50%,-72.40%,124.38,146.44
"ESS","Financial","REIT - Residential",15197.85,12.15,4.31%,26.40%,11.64%,23.80%,3.10%,69.90%,29.90%,21.70%,220.63,243.29
"PLD","Financial","REIT - Industrial",29024.06,11.93,-19.21%,17.30%,10.60%,21.20%,1.00%,72.10%,16.90%,36.40%,51.42,15.46
"STT","Financial","Asset Management",27886.97,11.31,9.79%,7.60%,8.72%,0.60%,4.80%,,82.20%,80.40%,69.34,68.94
"EXR","Financial","REIT - Industrial",10119.38,11.28,7.22%,39.10%,5.40%,22.70%,5.00%,72.40%,37.90%,27.30%,76.58,93.73
"COG","Basic Materials","Independent Oil & Gas",12439.90,11.16,420.00%,-25.60%,54.30%,9.50%,-0.40%,50.00%,-26.00%,-21.60%,25.26,29.00
"ILMN","Healthcare","Biotechnology",25818.18,11.16,15.72%,28.90%,15.97%,19.70%,16.60%,70.00%,24.60%,18.70%,170.79,154.25
"KIM","Financial","REIT - Retail",12969.11,11.01,-22.52%,69.30%,,7.10%,2.70%,74.60%,26.30%,62.80%,28.86,31.58
"MA","Financial","Credit Services",111944.00,10.99,15.56%,18.90%,15.25%,11.80%,42.30%,,51.10%,37.40%,99.69,110.59
"GGP","Financial","REIT - Retail",26228.92,10.88,1.96%,29.00%,6.47%,-0.30%,4.30%,69.90%,36.60%,28.20%,27.74,33.36
"XEC","Basic Materials","Independent Oil & Gas",13049.65,10.81,453.52%,-42.40%,1.50%,-2.10%,-55.10%,58.70%,,,127.89,142.52
"ALXN","Healthcare","Biotechnology",30186.63,10.70,28.64%,5.10%,18.28%,36.90%,1.60%,91.80%,21.70%,3.20%,127.08,171.75
"ISRG","Healthcare","Medical Appliances & Equipment",26884.56,10.62,13.65%,10.40%,14.07%,11.00%,13.20%,68.40%,34.00%,26.80%,674.00,741.71
"CME","Financial","Investment Brokerage - National",36806.08,10.50,7.05%,5.20%,9.24%,2.10%,5.60%,,60.60%,38.20%,107.79,107.62
"UDR","Financial","REIT - Residential",9672.40,10.37,28.21%,19.50%,,11.20%,2.50%,67.40%,16.60%,21.90%,34.39,38.33
"MAC","Financial","REIT - Retail",11990.20,10.31,-68.06%,62.20%,6.77%,12.60%,0.90%,62.50%,9.70%,78.50%,79.45,87.31
"MNST","Consumer Goods","Beverages - Soft Drinks",29108.32,10.00,21.77%,20.00%,21.30%,15.90%,11.40%,62.20%,36.50%,22.70%,144.53,178.00
"LLTC","Technology","Semiconductor - Specialized",14189.16,9.96,6.98%,-4.20%,10.00%,-0.80%,27.80%,75.90%,44.50%,34.70%,57.97,61.60
"PXD","Basic Materials","Independent Oil & Gas",32263.28,9.69,389.70%,-19.70%,5.50%,12.10%,-14.70%,36.50%,-61.00%,-15.50%,176.76,205.71
"ADBE","Technology","Application Software",51246.47,9.66,32.83%,-3.40%,28.18%,4.80%,7.40%,85.10%,22.40%,16.90%,98.67,112.46
"AMT","Financial","REIT - Diversified",49947.99,9.52,35.37%,8.80%,30.05%,19.20%,5.80%,70.80%,32.10%,13.20%,108.66,130.12
"REGN","Healthcare","Biotechnology",43970.07,9.46,32.00%,44.90%,18.62%,55.00%,16.00%,91.40%,26.70%,16.00%,390.85,467.45
"EW","Healthcare","Medical Appliances & Equipment",25330.15,9.23,18.33%,19.70%,17.68%,11.50%,15.90%,74.30%,24.40%,19.30%,114.11,123.95
"EQR","Financial","REIT - Residential",23924.28,9.15,-87.50%,52.40%,2.70%,10.40%,4.70%,67.20%,37.00%,,63.05,69.45
"CCI","Technology","Diversified Communication Services",33185.47,8.82,58.40%,26.50%,-0.70%,14.30%,5.20%,63.90%,22.90%,8.90%,91.99,106.31
"BXP","Financial","REIT - Office",22314.91,8.77,5.35%,27.00%,8.00%,10.00%,5.60%,64.40%,34.80%,23.60%,135.85,147.70
"YHOO","Technology","Internet Information Providers",42752.47,8.74,16.43%,-48.20%,-3.63%,-4.70%,-15.40%,51.80%,,,42.98,42.31
"ICE","Financial","Diversified Investments",33990.76,8.55,11.96%,16.30%,12.93%,23.80%,6.30%,,50.20%,35.30%,282.50,301.43
"EQIX","Technology","Internet Software & Services",26747.28,8.46,212.56%,38.30%,20.85%,18.10%,5.90%,50.60%,17.10%,2.10%,359.51,420.11
"CELG","Healthcare","Biotechnology",85342.16,8.40,22.54%,15.70%,21.87%,20.60%,8.90%,95.70%,27.10%,18.90%,104.28,137.39
"VNO","Financial","REIT - Diversified",19886.82,7.91,35.73%,0.70%,15.86%,-0.30%,5.10%,59.60%,23.30%,21.30%,99.00,109.46
"VTR","Financial","REIT - Healthcare Facilities",26006.32,7.72,2.88%,-3.00%,2.20%,26.80%,3.70%,57.60%,24.10%,13.00%,67.41,73.58
"AVGO","Technology","Semiconductor - Broad Line",68129.26,7.67,18.62%,24.00%,15.97%,26.70%,18.10%,43.90%,-3.90%,-8.40%,165.68,202.34
"DLR","Financial","REIT - Office",14727.32,7.53,43.79%,18.20%,6.40%,15.30%,4.30%,63.60%,19.20%,3.40%,93.50,111.00
"PAYX","Services","Staffing & Outsourcing Services",22225.90,7.53,8.63%,8.00%,9.60%,7.20%,39.40%,71.00%,38.80%,25.60%,58.62,52.50
"VRSN","Technology","Internet Information Providers",8309.18,7.51,8.25%,49.70%,8.00%,9.30%,61.70%,82.30%,59.30%,37.50%,75.40,80.00
"EOG","Basic Materials","Independent Oil & Gas",52735.47,7.41,131.90%,-29.11%,,8.40%,-21.90%,46.60%,,-72.00%,90.14,98.37
"PCLN","Services","Business Services",72586.05,7.40,16.20%,36.70%,15.98%,24.50%,17.90%,94.60%,34.30%,27.10%,1412.43,1570.21
"AIV","Financial","REIT - Residential",7247.70,7.32,-64.21%,17.20%,7.10%,0.50%,5.30%,64.40%,26.00%,33.40%,43.64,47.86
"HCP","Financial","REIT - Healthcare Facilities",18501.74,7.04,0.76%,-27.20%,1.65%,15.50%,-0.50%,73.30%,14.20%,-2.50%,37.14,35.08
"RRC","Basic Materials","Independent Oil & Gas",7443.62,6.95,173.10%,-57.30%,-5.40%,7.50%,-10.30%,73.80%,,-87.70%,41.86,48.88
"EQT","Basic Materials","Independent Oil & Gas",12966.67,6.93,185.90%,-18.70%,12.84%,11.20%,5.60%,76.80%,1.00%,-18.50%,71.81,84.90
"CRM","Technology","Application Software",51403.58,6.88,34.64%,-21.10%,29.88%,32.10%,0.00%,74.70%,1.90%,2.90%,73.33,94.40
"HCN","Financial","REIT - Healthcare Facilities",28078.38,6.80,6.87%,56.80%,4.00%,46.20%,4.00%,,29.40%,16.00%,73.25,76.81
"VRSK","Services","Business Services",14128.74,6.72,11.08%,18.30%,11.80%,12.70%,11.70%,63.10%,37.50%,28.50%,81.88,85.86
"GOOGL","Technology","Internet Information Providers",549428.40,6.72,18.71%,11.70%,18.10%,20.70%,12.80%,62.10%,26.20%,22.00%,786.65,940.45
"ADSK","Technology","Technical & System Software",15384.76,6.66,100.00%,-29.30%,17.60%,5.10%,-9.90%,84.30%,-10.50%,-15.20%,65.96,66.13
"TAP","Consumer Goods","Beverages - Brewers",22938.85,6.54,70.94%,-11.80%,3.20%,1.90%,4.70%,39.90%,16.90%,10.90%,102.12,116.13
"NFX","Basic Materials","Independent Oil & Gas",9076.44,6.46,64.99%,-49.30%,35.29%,-3.70%,-90.40%,78.80%,,,42.29,52.50
"GOOG","Technology","Internet Information Providers",523637.27,6.40,18.60%,0.00%,18.10%,,,,,,758.03,921.08
"AGN","Healthcare","Drugs - Generic",97252.31,6.33,21.93%,-50.40%,13.49%,33.40%,-1.30%,78.70%,-16.50%,27.00%,238.76,299.06
"TRIP","Technology","Internet Information Providers",9277.52,6.32,30.61%,5.50%,8.16%,25.20%,13.10%,95.60%,11.80%,9.40%,63.01,63.39
"SE","Basic Materials","Oil & Gas Pipelines",31281.07,6.30,21.02%,-28.90%,6.50%,1.10%,6.00%,87.20%,27.20%,5.90%,41.79,40.75
"BF-B","Consumer Goods","Beverages - Wineries & Distillers",19241.02,6.30,8.45%,15.00%,5.00%,3.60%,36.30%,69.00%,49.80%,34.60%,45.86,
"NVDA","Technology","Semiconductor - Specialized",34204.68,6.29,2.93%,20.20%,23.68%,7.20%,10.30%,57.00%,19.50%,16.60%,60.05,64.72
"MCO","Services","Business Services",21536.28,6.25,12.23%,16.60%,8.69%,11.40%,37.10%,71.10%,40.50%,25.80%,107.33,107.70
"PM","Consumer Goods","Cigarettes",162176.33,6.23,9.50%,2.40%,8.27%,-0.30%,52.10%,64.60%,38.70%,24.90%,99.02,105.46
"SLG","Financial","REIT - Retail",12004.80,6.22,-59.81%,-2.60%,4.67%,8.90%,2.30%,69.60%,18.20%,21.80%,111.49,125.19
"WAT","Healthcare","Medical Instruments & Supplies",13047.00,6.22,8.63%,6.80%,9.75%,4.40%,13.30%,58.70%,27.70%,23.30%,152.34,157.64
"RHT","Technology","Application Software",13276.90,6.21,17.31%,14.30%,16.74%,17.70%,10.30%,84.90%,13.70%,9.90%,72.63,87.71
"XLNX","Technology","Semiconductor - Integrated Circuits",13803.76,6.16,7.16%,-3.10%,5.07%,-1.30%,14.00%,69.60%,30.30%,25.30%,52.73,51.50
"ATVI","Technology","Multimedia & Graphics Software",32993.53,6.15,9.68%,28.90%,23.44%,1.00%,9.00%,63.40%,21.20%,13.80%,43.27,46.50
"BIIB","Healthcare","Biotechnology",68924.76,6.13,3.31%,31.30%,9.50%,17.90%,23.50%,88.20%,47.90%,34.00%,296.35,342.28
"INTU","Technology","Application Software",28697.29,6.11,13.99%,7.00%,17.92%,6.40%,39.10%,84.00%,26.50%,20.90%,106.97,114.38
"SPGI","Services","Business Services",33741.10,6.11,12.16%,17.70%,12.15%,7.90%,36.00%,67.60%,36.20%,21.30%,122.19,133.83
"USB","Financial","Regional - Midwest Banks",75707.86,5.94,5.02%,12.80%,4.61%,0.40%,10.70%,,78.60%,43.90%,43.34,44.88
"AMGN","Healthcare","Biotechnology",132164.56,5.88,9.98%,13.60%,7.93%,7.60%,12.50%,81.40%,40.70%,33.10%,168.97,190.69
"SCHW","Financial","Investment Brokerage - National",41200.96,5.86,16.43%,22.00%,19.65%,7.60%,1.00%,97.90%,37.10%,21.90%,30.57,31.53
"RAI","Consumer Goods","Cigarettes",72225.55,5.86,11.15%,17.60%,11.93%,4.50%,10.70%,57.90%,76.70%,43.00%,47.40,55.11
"NFLX","Services","CATV Systems",43855.38,5.75,205.24%,-7.90%,54.33%,25.70%,6.20%,30.90%,3.30%,1.80%,96.01,104.42
"EFX","Financial","Credit Services",16315.61,5.68,10.80%,13.80%,12.00%,7.50%,14.10%,65.50%,26.20%,16.10%,131.91,12.72
"ADI","Technology","Semiconductor - Integrated Circuits",19198.96,5.65,13.00%,-1.10%,6.70%,4.50%,12.10%,64.80%,23.00%,19.50%,60.38,73.15
"EA","Technology","Multimedia & Graphics Software",25014.32,5.60,12.89%,44.00%,16.24%,4.10%,25.90%,69.50%,21.20%,25.90%,80.53,87.04
"OXY","Basic Materials","Independent Oil & Gas",59192.58,5.54,303.00%,-31.30%,,-8.00%,-25.40%,50.50%,,-73.50%,73.71,79.05
"BLK","Financial","Asset Management",61568.41,5.50,16.12%,13.40%,11.09%,5.80%,10.20%,89.10%,40.10%,28.10%,361.92,391.69
"MCHP","Technology","Semiconductor - Specialized",13358.36,5.48,11.75%,-7.50%,14.70%,7.90%,8.60%,51.00%,7.00%,3.30%,59.43,63.62
"TXN","Technology","Semiconductor - Broad Line",70529.88,5.47,9.44%,1.50%,10.00%,-1.40%,21.60%,59.60%,34.00%,23.60%,67.64,71.57
"BMY","Healthcare","Drug Manufacturers - Major",96047.00,5.45,14.34%,-12.20%,19.59%,-3.20%,4.60%,75.70%,20.80%,16.30%,55.62,68.85
"CHTR","Services","CATV Systems",74216.45,5.44,83.11%,-2.90%,3.00%,6.70%,2.90%,41.20%,10.80%,20.60%,265.03,
"MSFT","Technology","Business Software & Services",454212.13,5.32,11.08%,-4.90%,8.53%,4.10%,13.50%,61.60%,23.30%,19.70%,56.26,59.65
"ZTS","Healthcare","Drugs - Generic",25833.82,5.32,21.96%,25.10%,12.58%,5.90%,5.70%,64.90%,20.70%,13.20%,50.37,54.50
"SYMC","Technology","Security Software & Services",15584.68,5.22,53.43%,-29.30%,10.10%,-10.30%,-12.90%,82.90%,,,24.71,23.98
"MO","Consumer Goods","Cigarettes",132001.81,5.16,8.87%,7.40%,8.05%,0.90%,33.50%,44.50%,33.80%,22.00%,63.77,69.25
"KEY","Financial","Regional - Midwest Banks",13813.09,5.11,17.04%,16.30%,9.66%,-5.10%,9.10%,,80.10%,30.10%,12.34,13.85
"ROP","Industrial Goods","Diversified Machinery",18650.65,5.09,10.43%,15.50%,11.13%,8.50%,8.40%,61.20%,28.00%,18.50%,178.45,189.67
"MTB","Financial","Regional - Northeast Banks",18379.85,5.08,7.78%,4.80%,5.40%,3.00%,8.10%,,84.40%,30.30%,116.53,118.05
"NBL","Basic Materials","Independent Oil & Gas",16253.87,5.05,49.50%,-39.10%,-3.55%,2.90%,-14.60%,88.10%,-88.90%,-90.50%,34.88,43.47
"ETFC","Financial","Investment Brokerage - National",7427.50,5.04,2.54%,54.30%,17.00%,-8.50%,0.90%,93.60%,23.50%,15.10%,26.90,29.38
"TDG","Industrial Goods","Aerospace/Defense Products & Services",15531.86,5.00,11.72%,25.50%,14.99%,26.70%,12.10%,54.40%,39.70%,17.20%,282.75,303.00
"STZ","Consumer Goods","Beverages - Wineries & Distillers",33696.13,4.96,12.89%,14.50%,17.47%,14.50%,9.00%,46.40%,27.80%,16.70%,161.79,179.56
"WFC","Financial","Money Center Banks",250842.59,4.90,4.20%,13.30%,8.66%,-1.40%,8.80%,,83.50%,40.80%,46.80,53.00
"PYPL","Financial","Credit Services",48343.48,4.83,15.93%,0.00%,16.76%,21.40%,8.70%,48.30%,15.20%,13.50%,39.79,43.82
"JCI","Consumer Goods","Auto Parts",46149.79,4.78,-46.68%,19.00%,10.78%,-2.10%,9.80%,37.00%,8.20%,5.50%,44.87,45.07
"PNC","Financial","Money Center Banks",45066.40,4.75,4.43%,8.30%,5.75%,-3.50%,8.60%,,82.50%,39.30%,89.98,93.26
"CERN","Technology","Healthcare Information Services",21866.05,4.70,13.95%,17.20%,15.90%,19.10%,12.00%,83.40%,19.30%,13.50%,61.81,69.63
"XRAY","Healthcare","Medical Instruments & Supplies",14479.01,4.65,11.70%,-0.60%,11.55%,3.80%,8.50%,54.30%,12.40%,12.00%,59.68,69.22
"JNJ","Healthcare","Drug Manufacturers - Major",329426.17,4.65,6.29%,2.80%,6.52%,2.60%,16.90%,69.60%,25.50%,21.20%,117.84,126.72
"PBCT","Financial","Savings & Loans",5088.62,4.62,5.62%,30.40%,6.66%,5.30%,11.60%,,83.30%,24.50%,15.97,14.19
"ORCL","Technology","Application Software",170603.38,4.61,8.74%,4.40%,7.84%,0.80%,11.20%,79.80%,34.00%,24.00%,40.21,44.29
"BBT","Financial","Regional - Southeast Banks",31554.07,4.59,11.11%,17.00%,6.32%,-2.30%,9.00%,,81.30%,30.00%,37.88,38.64
"JPM","Financial","Money Center Banks",244400.16,4.59,9.79%,8.70%,4.45%,-4.40%,6.60%,,74.60%,41.00%,66.64,69.80
"BCR","Healthcare","Medical Instruments & Supplies",16203.58,4.58,11.14%,-19.80%,10.87%,4.70%,6.40%,62.50%,14.10%,9.10%,213.50,243.83
"KSU","Services","Railroads",10596.01,4.49,11.57%,3.50%,9.65%,5.90%,9.70%,65.40%,35.50%,21.10%,92.74,103.94
"MRK","Healthcare","Drug Manufacturers - Major",176830.89,4.48,2.72%,41.50%,6.33%,-3.00%,6.40%,63.20%,18.10%,13.00%,61.71,65.47
"MTD","Healthcare","Medical Instruments & Supplies",10850.21,4.47,11.89%,12.90%,12.27%,4.00%,30.20%,56.80%,19.30%,14.70%,392.45,394.61
"KO","Consumer Goods","Beverages - Soft Drinks",192406.69,4.45,5.24%,-8.00%,3.00%,4.80%,9.30%,60.30%,20.60%,17.60%,42.42,47.76
"CMA","Financial","Money Center Banks",8198.22,4.43,40.12%,29.30%,11.46%,-0.80%,12.40%,,79.10%,22.20%,45.83,46.26
"D","Utilities","Electric Utilities",48261.35,4.37,2.28%,-9.20%,5.98%,-4.80%,6.30%,96.60%,31.00%,17.40%,73.57,80.33
"APA","Basic Materials","Independent Oil & Gas",22702.10,4.36,281.20%,-55.20%,-14.60%,-12.00%,-137.00%,68.50%,,,57.68,57.26
"LLY","Healthcare","Drug Manufacturers - Major",89132.65,4.33,13.96%,-13.20%,13.06%,-2.90%,9.50%,73.70%,14.60%,12.00%,78.27,96.70
"CL","Consumer Goods","Personal Products",66833.15,4.31,9.01%,-6.70%,7.37%,0.60%,25.20%,59.50%,18.10%,9.00%,72.09,76.38
"EBAY","Services","Specialty Retail, Other",37613.67,4.28,10.72%,3.30%,5.74%,-1.30%,13.00%,78.40%,27.10%,22.00%,31.80,31.20
"VMC","Industrial Goods","General Building Materials",15405.04,4.27,37.30%,32.90%,22.25%,6.00%,7.10%,27.80%,18.40%,9.90%,110.01,129.09
"ABBV","Healthcare","Drug Manufacturers - Major",105509.65,4.26,17.71%,3.50%,16.25%,7.90%,16.90%,78.60%,35.00%,23.10%,63.32,71.47
"BSX","Healthcare","Medical Appliances & Equipment",33651.14,4.23,14.26%,24.00%,13.07%,-0.90%,0.70%,71.10%,-7.70%,-4.30%,23.44,
"FISV","Services","Business Services",22678.05,4.22,12.24%,12.40%,12.50%,4.90%,12.20%,45.40%,25.50%,16.90%,99.62,108.36
"MDT","Healthcare","Medical Appliances & Equipment",121073.93,4.21,11.21%,-2.60%,8.10%,13.20%,5.40%,68.90%,18.50%,12.70%,85.06,94.74
"KHC","Consumer Goods","Food - Major Diversified",111874.30,4.20,21.93%,24.30%,23.51%,,2.70%,34.30%,18.20%,6.20%,88.14,90.29
"AWK","Utilities","Water Utilities",13658.12,4.20,7.34%,12.70%,7.60%,4.30%,6.60%,,34.00%,15.10%,73.27,77.85
"TROW","Financial","Asset Management",17394.22,4.20,14.85%,12.90%,8.03%,12.20%,23.50%,,38.80%,25.40%,67.55,73.83
"SYK","Healthcare","Medical Appliances & Equipment",43835.79,4.19,11.13%,3.50%,10.20%,6.30%,12.50%,66.70%,19.50%,15.30%,110.88,126.60
"AKAM","Technology","Internet Information Providers",9452.67,4.16,11.26%,14.50%,13.17%,16.50%,8.90%,65.80%,20.40%,14.30%,51.78,60.28
"QCOM","Technology","Communication Equipment",95024.00,4.16,10.60%,8.70%,10.50%,18.10%,10.30%,60.40%,24.80%,22.60%,61.37,62.40
"APC","Basic Materials","Independent Oil & Gas",30158.29,4.11,80.60%,-60.50%,8.40%,-4.60%,-20.80%,74.70%,-82.00%,-71.10%,57.87,66.87
"SWKS","Technology","Semiconductor - Integrated Circuits",13709.69,4.11,10.88%,40.40%,16.98%,24.90%,25.30%,50.30%,33.70%,29.30%,69.39,83.17
"GPN","Services","Business Services",11879.95,4.10,19.23%,9.30%,23.65%,9.30%,4.60%,60.40%,14.70%,9.40%,73.30,81.90
"PFE","Healthcare","Drug Manufacturers - Major",213996.33,4.09,7.48%,1.60%,6.84%,-5.60%,7.30%,77.80%,17.60%,13.40%,33.98,39.58
"FFIV","Technology","Business Software & Services",7972.36,4.04,10.62%,22.00%,11.76%,16.80%,27.10%,82.90%,27.00%,18.00%,116.96,123.83
"CTXS","Technology","Business Software & Services",13565.67,4.01,8.40%,6.50%,15.07%,11.80%,10.80%,81.30%,13.00%,11.60%,83.07,89.95
"STI","Financial","Money Center Banks",22124.13,4.00,3.02%,86.20%,2.73%,-3.70%,12.50%,,84.90%,34.20%,43.74,44.94
"UNP","Services","Railroads",81430.83,4.00,12.67%,14.70%,7.35%,5.20%,14.80%,80.90%,36.70%,21.50%,92.77,95.57
"MCD","Services","Restaurants",100319.94,3.99,10.36%,0.90%,9.34%,1.10%,16.40%,39.80%,30.00%,18.80%,114.83,129.45
"SBUX","Services","Specialty Eateries",81640.45,3.98,14.54%,24.10%,18.84%,12.30%,34.10%,31.20%,18.80%,13.00%,53.92,66.43
"STJ","Healthcare","Medical Appliances & Equipment",22852.56,3.94,9.02%,2.30%,10.92%,1.40%,9.30%,67.10%,16.10%,11.40%,78.41,78.97
"MJN","Consumer Goods","Processed & Packaged Goods",15100.62,3.92,8.13%,8.20%,8.10%,5.30%,30.60%,64.00%,20.40%,13.20%,77.48,94.18
"HOLX","Healthcare","Medical Appliances & Equipment",10836.11,3.86,9.53%,31.10%,9.98%,10.00%,6.10%,54.70%,17.30%,9.40%,37.44,42.88
"AYI","Technology","Diversified Electronics",11914.05,3.81,21.71%,23.20%,19.50%,10.70%,14.90%,43.40%,14.50%,8.60%,259.08,282.13
"FITB","Financial","Regional - Midwest Banks",15651.63,3.78,5.20%,26.30%,3.66%,-2.10%,8.20%,,76.00%,38.70%,20.04,19.96
"A","Healthcare","Medical Laboratories & Research",15548.14,3.77,14.65%,-7.60%,10.70%,-5.80%,8.20%,52.00%,14.30%,11.70%,44.90,50.54
"KMI","Basic Materials","Oil & Gas Pipelines",51292.64,3.75,14.33%,17.80%,8.37%,12.90%,2.40%,57.40%,16.30%,0.60%,21.98,22.94
"UA","Consumer Goods","Textile - Apparel Clothing",16574.00,3.75,32.94%,43.80%,23.31%,30.10%,10.90%,47.60%,9.10%,5.20%,38.36,53.62
"KLAC","Technology","Semiconductor Equipment & Materials",11179.85,3.75,10.98%,-0.70%,21.20%,-1.20%,21.50%,61.10%,32.20%,23.60%,69.00,76.70
"SLB","Basic Materials","Oil & Gas Equipment & Services",112158.41,3.74,75.02%,-13.60%,7.11%,4.80%,3.90%,17.00%,-4.90%,-5.60%,77.27,93.00
"WY","Industrial Goods","Lumber, Wood Production",24320.43,3.68,49.25%,-25.80%,5.00%,3.50%,9.10%,21.70%,13.40%,7.00%,30.15,34.96
"PG","Consumer Goods","Personal Products",239779.66,3.67,8.46%,-2.00%,6.77%,-4.20%,11.60%,50.70%,20.60%,15.70%,87.35,92.28
"MMM","Industrial Goods","Diversified Machinery",110377.48,3.67,7.60%,6.10%,8.93%,2.60%,22.00%,49.70%,23.40%,16.30%,176.87,182.54
"HP","Basic Materials","Oil & Gas Drilling & Exploration",6787.54,3.65,-3.40%,7.80%,,11.00%,8.00%,45.50%,2.70%,-0.30%,57.27,59.68
"HBAN","Financial","Regional - Midwest Banks",8015.80,3.63,8.42%,33.30%,4.82%,-0.30%,12.30%,,85.70%,28.70%,9.87,10.55
"CHD","Consumer Goods","Cleaning Products",12532.97,3.62,8.21%,10.40%,9.85%,5.60%,14.60%,45.40%,20.60%,13.10%,47.18,50.54
"IFF","Basic Materials","Specialty Chemicals",11053.80,3.62,7.77%,9.60%,8.30%,2.90%,17.60%,45.30%,19.90%,13.70%,135.58,146.07
"ULTA","Services","Specialty Retail, Other",15423.28,3.57,23.58%,33.80%,20.40%,22.00%,22.10%,35.90%,13.20%,8.30%,237.33,292.20
"MON","Basic Materials","Agricultural Chemicals",47373.03,3.56,11.74%,19.10%,6.68%,7.40%,16.60%,51.70%,15.60%,7.80%,106.03,113.00
"ADP","Technology","Business Software & Services",41554.48,3.56,12.33%,5.40%,10.50%,3.50%,22.80%,43.20%,19.00%,12.80%,86.78,92.50
"CA","Technology","Business Software & Services",14355.36,3.55,3.57%,2.20%,0.81%,-1.90%,11.20%,85.40%,27.70%,18.90%,32.33,33.00
"NEE","Utilities","Electric Utilities",59086.73,3.54,5.73%,5.00%,7.19%,2.70%,6.50%,,28.50%,15.50%,121.84,139.13
"AMG","Financial","Asset Management",8150.46,3.54,17.27%,27.00%,12.86%,12.80%,12.30%,,33.40%,21.10%,145.43,192.75
"APD","Basic Materials","Chemicals - Major Diversified",33546.21,3.53,9.03%,6.30%,10.02%,2.80%,9.60%,32.20%,21.20%,6.10%,147.82,161.06
"ZBH","Healthcare","Medical Appliances & Equipment",26262.92,3.49,10.44%,-23.60%,11.05%,7.30%,2.10%,67.20%,10.30%,3.00%,123.94,140.75
"TMO","Healthcare","Medical Laboratories & Research",60520.29,3.44,10.57%,15.00%,10.47%,10.30%,7.00%,45.60%,,,144.21,172.06
"BAC","Financial","Money Center Banks",163493.34,3.40,22.15%,40.60%,7.39%,-8.00%,4.40%,,71.00%,26.10%,15.80,17.34
"ZION","Financial","Regional - Pacific Banks",6371.16,3.37,20.28%,20.00%,11.04%,-4.50%,20.50%,,88.50%,18.10%,30.28,30.92
"RF","Financial","Regional - Southeast Banks",12578.26,3.36,8.52%,27.30%,5.61%,-4.90%,13.70%,,81.80%,27.40%,9.68,10.09
"APH","Technology","Diversified Electronics",19694.21,3.34,10.62%,11.40%,7.40%,9.40%,13.60%,31.90%,19.10%,13.00%,61.79,63.55
"AMAT","Technology","Semiconductor Equipment & Materials",33014.15,3.34,29.17%,10.10%,18.23%,0.20%,12.10%,41.10%,18.20%,14.60%,29.30,32.76
"PX","Basic Materials","Chemicals - Major Diversified",34718.62,3.32,9.16%,6.90%,6.15%,1.30%,12.50%,44.90%,22.60%,15.10%,118.54,126.38
"NDAQ","Financial","Diversified Investments",11700.43,3.31,14.04%,5.50%,10.68%,1.30%,6.50%,61.00%,24.60%,13.80%,69.15,74.07
"FIS","Technology","Information Technology Services",26201.39,3.30,15.02%,12.30%,12.40%,5.10%,3.50%,31.90%,13.40%,5.70%,77.03,89.06
"WMB","Basic Materials","Oil & Gas Pipelines",23678.93,3.29,53.43%,-44.60%,70.80%,2.10%,-2.40%,78.60%,-29.00%,-17.00%,30.10,27.67
"CSCO","Technology","Networking & Communication Devices",161312.04,3.28,5.64%,12.60%,9.34%,2.60%,11.40%,62.90%,25.70%,21.80%,31.08,32.85
"GILD","Healthcare","Biotechnology",105308.12,3.25,-0.82%,48.30%,0.08%,32.60%,45.90%,87.10%,63.00%,50.50%,77.87,105.24
"CFG","Financial","Regional - Mid-Atlantic Banks",13080.77,3.25,11.27%,0.00%,8.52%,,9.10%,,79.60%,22.20%,24.58,25.60
"IRM","Technology","Business Software & Services",10176.83,3.25,14.12%,-4.70%,10.00%,0.80%,8.60%,56.60%,14.00%,2.50%,36.25,41.50
"ORLY","Services","Auto Parts Stores",26861.93,3.24,14.79%,25.40%,15.38%,8.10%,29.40%,52.30%,19.50%,12.00%,277.89,312.44
"PPL","Utilities","Electric Utilities",24101.29,3.23,-7.48%,1.60%,3.24%,-2.10%,7.90%,90.10%,38.20%,23.50%,33.89,38.10
"ITW","Industrial Goods","Diversified Machinery",42969.45,3.22,9.12%,12.20%,8.28%,-2.80%,16.20%,41.80%,22.20%,14.70%,116.25,119.86
"GRMN","Technology","Scientific & Technical Instruments",9321.69,3.22,1.46%,-4.20%,6.70%,1.00%,13.10%,54.50%,19.90%,17.30%,46.74,46.60
"NTRS","Financial","Asset Management",15999.35,3.21,7.68%,7.80%,11.07%,3.80%,0.90%,96.60%,29.20%,18.80%,68.86,72.41
"MLM","Industrial Goods","General Building Materials",11734.22,3.18,33.63%,15.30%,23.20%,16.50%,6.30%,22.70%,15.90%,9.90%,178.47,208.33
"CMG","Services","Restaurants",12772.64,3.16,168.29%,21.80%,10.69%,19.60%,22.10%,25.40%,8.20%,5.20%,421.14,434.88
"HES","Basic Materials","Independent Oil & Gas",16628.00,3.15,39.60%,-29.50%,,-28.10%,-10.30%,76.60%,-76.50%,-57.10%,47.81,65.36
"BEN","Financial","Asset Management",21636.87,3.14,-1.79%,9.30%,-4.52%,6.30%,15.00%,,36.20%,23.30%,35.38,34.25
"MRO","Basic Materials","Independent Oil & Gas",14002.05,3.13,83.70%,-26.40%,,-14.90%,-7.50%,59.70%,-61.10%,-47.30%,14.36,18.17
"AMZN","Services","Catalog & Mail Order Houses",377250.89,3.13,80.76%,-13.10%,50.63%,25.60%,5.90%,34.40%,3.20%,1.60%,761.66,870.33
"FAST","Services","Industrial Equipment Wholesale",12227.66,3.12,6.49%,14.50%,9.26%,11.30%,24.00%,49.90%,20.70%,12.90%,40.50,43.75
"ALLE","Services","Security & Protection Services",6756.19,3.10,11.75%,-4.60%,12.74%,1.00%,12.90%,43.80%,13.50%,9.10%,66.82,79.33
"INTC","Technology","Semiconductor - Broad Line",175510.81,3.10,9.31%,3.00%,10.00%,4.90%,13.60%,61.50%,22.00%,17.80%,35.60,37.90
"BDX","Healthcare","Medical Instruments & Supplies",38116.87,3.10,10.47%,-6.30%,13.37%,7.60%,5.20%,43.50%,13.20%,9.20%,171.60,183.18
"NWL","Consumer Goods","Housewares & Accessories",25371.08,3.07,6.72%,0.20%,14.58%,0.90%,7.20%,33.80%,4.00%,3.90%,49.62,59.57
"SWN","Basic Materials","Independent Oil & Gas",7732.94,3.05,1618.18%,-55.50%,65.23%,3.70%,-64.60%,68.30%,,,14.27,14.48
"NLSN","Technology","Information & Delivery Services",18966.11,3.04,9.93%,23.10%,12.38%,3.80%,6.00%,58.90%,17.90%,9.70%,52.07,58.79
"ABT","Healthcare","Medical Appliances & Equipment",62134.14,3.02,11.87%,-10.30%,9.36%,-10.30%,7.70%,56.90%,14.00%,11.10%,40.71,7.42
"DNB","Technology","Information & Delivery Services",5057.93,3.01,5.46%,2.40%,5.43%,-0.50%,37.50%,67.70%,18.60%,11.00%,134.87,124.60
"SO","Utilities","Electric Utilities",52453.10,3.01,3.77%,1.90%,3.16%,0.00%,6.30%,71.10%,25.00%,13.40%,51.28,53.00
"FTV","Technology","Scientific & Technical Instruments",18320.38,2.99,7.30%,0.00%,6.37%,3.40%,16.70%,48.30%,,,50.40,53.44
"DFS","Financial","Credit Services",24445.15,2.97,6.35%,4.80%,8.23%,4.60%,10.90%,,63.90%,27.30%,58.20,64.59
"MKC","Consumer Goods","Processed & Packaged Goods",12896.18,2.96,10.14%,2.50%,9.33%,5.20%,13.60%,40.90%,13.90%,10.00%,98.13,104.75
"WLTW","Financial","Insurance Brokers",17769.22,2.96,10.37%,-5.20%,57.73%,2.80%,8.40%,,8.20%,6.70%,123.34,135.38
"VAR","Healthcare","Medical Appliances & Equipment",9234.80,2.96,7.26%,6.70%,11.30%,5.60%,18.40%,41.40%,16.30%,12.30%,95.05,92.18
"NKE","Consumer Goods","Textile - Apparel Footwear & Accessories",95406.87,2.95,15.01%,14.10%,14.08%,10.00%,25.40%,46.20%,13.90%,11.60%,55.47,65.79
"AME","Industrial Goods","Diversified Machinery",11435.33,2.93,8.64%,15.80%,9.95%,10.00%,13.30%,35.90%,22.40%,14.50%,48.03,53.29
"CCE","Consumer Goods","Beverages - Soft Drinks",20142.89,2.92,9.39%,6.70%,11.25%,0.90%,14.90%,37.10%,12.00%,8.20%,40.01,43.98
"EL","Consumer Goods","Personal Products",32664.70,2.90,11.27%,11.20%,10.50%,5.00%,20.20%,80.60%,14.30%,9.90%,88.14,
"ALB","Basic Materials","Specialty Chemicals",9168.90,2.90,15.46%,-2.60%,9.27%,9.10%,5.80%,35.70%,21.10%,4.80%,75.96,88.85
"HSY","Consumer Goods","Confectioners",21194.10,2.89,7.22%,0.70%,7.98%,5.40%,17.00%,45.20%,16.60%,10.10%,96.39,104.54
"CLX","Consumer Goods","Housewares & Accessories",16595.31,2.88,5.82%,19.00%,7.95%,1.90%,24.80%,45.10%,17.10%,11.20%,123.38,128.09
"NEM","Basic Materials","Gold",22662.54,2.86,9.46%,-39.50%,19.49%,-4.10%,2.30%,44.30%,14.70%,0.50%,38.99,46.98
"TSS","Financial","Credit Services",9247.17,2.79,14.11%,14.30%,12.50%,10.10%,11.70%,31.70%,17.10%,10.90%,48.22,58.76
"NSC","Services","Railroads",28077.05,2.78,11.61%,4.90%,10.78%,2.00%,8.90%,41.40%,29.30%,15.80%,91.22,92.05
"LNT","Utilities","Electric Utilities",8969.82,2.77,5.98%,5.10%,6.60%,-0.10%,6.60%,94.20%,18.20%,12.20%,37.42,39.70
"QRVO","Technology","Semiconductor - Broad Line",7262.44,2.76,15.65%,-16.20%,13.04%,19.90%,-0.20%,39.70%,0.70%,-1.40%,53.86,63.40
"DPS","Consumer Goods","Beverages - Soft Drinks",17513.71,2.75,8.81%,12.80%,9.45%,2.20%,15.80%,59.80%,21.80%,13.00%,90.36,98.60
"DIS","Services","Entertainment - Diversified",153208.15,2.74,5.06%,19.20%,10.74%,6.60%,13.20%,46.40%,25.80%,16.50%,92.65,109.52
"IVZ","Financial","Asset Management",13256.29,2.73,17.60%,17.50%,10.33%,8.00%,6.10%,69.80%,25.40%,17.30%,30.64,33.67
"SRE","Utilities","Diversified Utilities",27167.35,2.73,7.17%,13.50%,6.78%,2.50%,5.70%,96.70%,12.00%,9.60%,102.75,119.25
"MMC","Financial","Insurance Brokers",35854.56,2.72,11.04%,24.50%,11.16%,4.10%,16.00%,43.00%,19.10%,12.50%,66.46,69.63
"ECL","Consumer Goods","Cleaning Products",36100.84,2.72,12.99%,8.30%,11.79%,17.30%,9.40%,47.50%,11.50%,7.20%,117.75,127.06
"YUM","Services","Restaurants",35330.12,2.72,13.13%,4.10%,12.18%,2.90%,29.40%,54.60%,16.10%,11.00%,86.82,92.81
"FLIR","Technology","Scientific & Technical Instruments",4312.49,2.69,11.25%,2.20%,18.45%,2.30%,12.10%,46.80%,18.20%,11.80%,30.82,36.33
"WEC","Utilities","Electric Utilities",19739.64,2.69,5.87%,4.10%,6.72%,7.10%,4.30%,64.30%,22.40%,12.10%,59.53,63.60
"CTSH","Technology","Business Software & Services",34807.82,2.68,9.75%,17.40%,13.37%,22.00%,15.20%,40.10%,17.30%,11.70%,54.65,67.88
"GLW","Technology","Diversified Electronics",23704.71,2.66,13.90%,-15.00%,15.00%,6.60%,5.60%,38.90%,10.10%,24.40%,22.35,21.75
"PKI","Healthcare","Medical Laboratories & Research",6032.69,2.64,9.96%,9.80%,10.58%,5.90%,8.20%,46.10%,13.20%,10.30%,51.86,22.13
"AAPL","Consumer Goods","Electronic Equipment",581324.47,2.64,7.70%,33.60%,7.85%,29.10%,28.30%,39.50%,28.50%,21.70%,108.28,123.66
"AON","Financial","Insurance Brokers",30234.14,2.61,10.60%,14.70%,9.46%,6.50%,13.20%,,17.10%,12.70%,109.89,111.93
"LRCX","Technology","Semiconductor Equipment & Materials",15339.18,2.61,6.95%,-2.00%,10.56%,12.70%,9.90%,44.50%,18.30%,15.50%,91.51,101.39
"MDLZ","Consumer Goods","Confectioners",70238.31,2.60,13.43%,63.80%,11.35%,-1.20%,19.10%,39.10%,31.90%,28.00%,42.79,49.94
"ROK","Industrial Goods","Diversified Machinery",15334.62,2.58,2.37%,14.80%,3.87%,5.40%,22.00%,41.80%,16.60%,12.50%,114.42,110.93
"WYNN","Services","Resorts & Casinos",10304.27,2.58,27.26%,8.30%,23.15%,-0.50%,5.80%,38.50%,15.10%,8.20%,103.97,102.54
"SCG","Utilities","Electric Utilities",10519.40,2.57,5.22%,11.90%,5.40%,-1.00%,8.50%,72.60%,25.80%,12.90%,69.88,75.43
"CSX","Services","Railroads",28152.22,2.55,10.19%,8.10%,5.43%,2.10%,10.90%,73.10%,29.60%,16.10%,28.78,29.55
"XYL","Industrial Goods","Diversified Machinery",9365.28,2.55,10.24%,1.00%,11.33%,2.70%,11.80%,39.20%,12.20%,9.20%,49.84,50.42
"BAX","Healthcare","Medical Instruments & Supplies",25412.62,2.53,14.21%,-21.40%,12.63%,-4.90%,3.40%,39.00%,-13.50%,47.70%,45.46,50.25
"PEP","Consumer Goods","Beverages - Soft Drinks",156729.36,2.52,8.41%,-1.30%,7.10%,1.70%,14.10%,55.40%,13.30%,8.30%,104.90,115.93
"HOT","Services","Lodging",13225.85,2.52,5.92%,12.00%,4.85%,2.60%,15.20%,26.90%,13.00%,1.50%,75.33,79.31
"CTAS","Services","Business Services",12310.53,2.51,7.73%,19.90%,10.04%,5.20%,16.60%,43.40%,15.90%,14.10%,113.47,117.56
"DHR","Industrial Goods","Diversified Machinery",55395.36,2.51,9.50%,7.70%,7.80%,10.40%,7.50%,52.80%,16.70%,15.90%,77.27,87.75
"SNI","Services","Broadcasting - TV",8337.89,2.50,4.36%,14.50%,11.17%,9.90%,13.70%,65.30%,36.20%,22.90%,61.46,68.11
"GIS","Consumer Goods","Processed & Packaged Goods",41216.88,2.49,11.04%,0.50%,6.66%,2.20%,14.60%,35.30%,16.30%,10.20%,65.90,68.93
"KMB","Consumer Goods","Personal Products",45527.98,2.49,7.20%,-9.10%,7.10%,-1.20%,15.60%,36.10%,16.70%,10.70%,122.97,138.73
"PRGO","Healthcare","Drug Related Products",13951.20,2.48,10.16%,-59.80%,7.98%,0.10%,0.60%,39.00%,0.50%,-2.40%,92.74,102.64
"DUK","Utilities","Electric Utilities",56622.57,2.47,2.56%,6.10%,4.35%,10.40%,4.90%,70.00%,22.40%,11.40%,78.92,85.76
"PNW","Utilities","Electric Utilities",8692.48,2.47,5.21%,5.30%,3.80%,1.90%,7.30%,,23.70%,12.00%,74.58,78.50
"CINF","Financial","Property & Casualty Insurance",12961.23,2.46,-3.33%,10.60%,-3.32%,6.40%,9.40%,,17.90%,12.10%,76.01,74.75
"DD","Basic Materials","Agricultural Chemicals",60691.75,2.45,15.59%,-1.10%,8.15%,-2.10%,8.40%,40.60%,10.50%,8.90%,66.93,73.29
"C","Financial","Money Center Banks",140672.74,2.44,11.26%,8.90%,3.71%,1.80%,8.30%,,67.00%,24.20%,47.06,54.11
"MUR","Basic Materials","Independent Oil & Gas",5183.30,2.44,123.80%,-39.80%,,-32.80%,-28.90%,67.60%,,,26.10,31.29
"MNK","Healthcare","Drugs - Generic",8256.08,2.42,8.37%,0.60%,9.16%,10.30%,4.70%,55.90%,19.10%,17.70%,74.61,94.13
"SNA","Industrial Goods","Small Tools & Accessories",8803.25,2.42,9.52%,20.50%,10.00%,6.50%,16.50%,53.00%,22.30%,14.20%,147.15,174.67
"GE","Industrial Goods","Diversified Machinery",281667.23,2.39,14.29%,-32.00%,12.48%,-4.70%,0.90%,22.80%,9.50%,9.70%,29.88,33.71
"ES","Utilities","Diversified Utilities",17796.84,2.39,6.67%,4.70%,5.66%,10.20%,6.00%,,23.70%,11.60%,53.74,60.20
"COH","Consumer Goods","Textile - Apparel Footwear & Accessories",10626.31,2.37,12.18%,-10.80%,8.78%,1.60%,13.70%,68.00%,14.50%,10.30%,36.31,44.35
"PEG","Utilities","Diversified Utilities",22228.64,2.34,0.24%,1.50%,1.42%,-2.50%,8.30%,,26.00%,14.80%,41.43,47.10
"SHW","Basic Materials","Specialty Chemicals",26602.50,2.30,11.17%,21.50%,10.09%,7.80%,39.80%,50.20%,14.80%,9.60%,275.27,322.23
"HST","Financial","REIT - Hotel/Motel",12473.42,2.30,-29.42%,41.40%,,4.30%,5.90%,,12.30%,14.30%,16.09,17.38
"MSI","Technology","Communication Equipment",12997.04,2.27,9.45%,34.50%,12.00%,-5.60%,16.80%,47.20%,16.40%,9.00%,76.22,73.54
"MYL","Healthcare","Drugs - Generic",22484.76,2.26,16.82%,20.20%,13.26%,11.60%,8.20%,45.30%,15.70%,8.10%,40.65,57.35
"EXPE","Services","Lodging",17477.29,2.26,32.53%,22.20%,28.14%,17.10%,8.90%,80.90%,3.90%,2.50%,111.87,133.67
"COP","Basic Materials","Independent Oil & Gas",54135.43,2.25,122.00%,-20.30%,,-13.80%,-6.50%,33.20%,-39.20%,-29.30%,41.20,52.00
"LVLT","Technology","Diversified Communication Services",18470.55,2.25,24.80%,30.00%,10.00%,18.00%,19.50%,49.20%,13.80%,43.70%,48.49,60.85
"HON","Industrial Goods","Diversified Machinery",87747.06,2.24,8.75%,19.40%,9.23%,3.60%,16.00%,31.30%,17.20%,12.60%,112.21,126.76
"TWX","Services","Entertainment - Diversified",62471.08,2.24,11.32%,15.30%,14.42%,0.90%,11.00%,43.60%,25.30%,14.50%,76.79,88.03
"CPB","Consumer Goods","Processed & Packaged Goods",17661.49,2.22,4.77%,-4.30%,4.96%,2.20%,18.30%,34.50%,11.60%,7.10%,55.67,59.67
"TIF","Services","Jewelry Stores",8750.60,2.20,7.45%,4.60%,7.89%,5.90%,12.80%,61.70%,18.30%,11.30%,68.34,77.32
"HAS","Consumer Goods","Toys & Games",10199.70,2.20,11.70%,5.40%,12.60%,2.10%,15.80%,61.70%,15.80%,10.40%,77.90,88.00
"K","Consumer Goods","Processed & Packaged Goods",28743.97,2.19,10.33%,32.90%,7.13%,1.80%,9.40%,39.70%,9.00%,4.70%,78.44,6.67
"ACN","Technology","Information Technology Services",74639.23,2.18,9.30%,12.30%,10.07%,7.30%,53.50%,29.60%,15.40%,11.10%,110.70,123.56
"WM","Industrial Goods","Waste Management",28710.76,2.17,8.83%,-3.50%,9.39%,0.70%,8.30%,45.50%,16.80%,8.70%,62.88,71.50
"HRL","Consumer Goods","Meat Products",20114.75,2.16,2.14%,11.70%,12.40%,5.10%,15.70%,22.10%,13.50%,9.00%,36.58,41.63
"EIX","Utilities","Electric Utilities",24438.51,2.16,6.24%,-2.00%,2.26%,2.90%,6.50%,62.40%,15.70%,7.90%,71.76,79.59
"SJM","Consumer Goods","Processed & Packaged Goods",16476.20,2.15,6.58%,7.50%,9.08%,10.10%,6.90%,38.70%,15.30%,9.40%,136.87,151.27
"CCL","Services","Resorts & Casinos",33959.32,2.13,14.47%,-1.80%,16.10%,1.70%,7.80%,42.30%,18.40%,14.00%,45.66,214.41
"COL","Industrial Goods","Aerospace/Defense Products & Services",11060.45,2.13,2.27%,8.20%,7.84%,2.50%,16.90%,30.70%,18.40%,13.50%,82.18,93.57
"DVN","Basic Materials","Independent Oil & Gas",23615.86,2.13,612.00%,-53.90%,4.56%,5.70%,-73.00%,83.00%,,,41.29,45.84
"TMK","Financial","Life Insurance",7807.91,2.12,6.09%,8.30%,7.12%,2.20%,11.20%,,23.80%,14.80%,64.74,59.20
"CMCSA","Services","Entertainment - Diversified",161159.35,2.12,10.18%,20.20%,12.89%,14.50%,10.50%,70.60%,21.20%,10.70%,64.95,75.37
"SRCL","Industrial Goods","Waste Management",7097.87,2.10,9.88%,4.50%,11.63%,15.70%,5.80%,42.40%,14.60%,6.70%,82.35,99.80
"AZO","Services","Auto Parts Stores",21848.61,2.08,11.63%,19.20%,11.96%,6.70%,44.20%,52.60%,19.20%,11.50%,743.02,859.10
"VFC","Consumer Goods","Textile - Apparel Clothing",25332.09,2.07,12.13%,17.10%,10.45%,9.90%,18.10%,48.10%,12.90%,8.90%,58.67,68.97
"AEP","Utilities","Electric Utilities",33012.45,2.07,3.77%,7.30%,3.81%,2.70%,6.30%,82.50%,19.90%,12.50%,64.03,72.74
"HAL","Basic Materials","Oil & Gas Equipment & Services",38399.14,2.05,635.30%,-19.10%,14.35%,5.60%,0.40%,7.70%,-36.50%,-30.50%,40.92,51.44
"ROST","Services","Apparel Stores",25254.20,2.05,11.26%,16.80%,11.58%,8.70%,36.00%,28.30%,13.70%,8.60%,61.05,66.36
"AEE","Utilities","Electric Utilities",12296.60,2.05,8.37%,32.50%,5.20%,-4.40%,6.20%,85.50%,21.80%,10.40%,48.10,53.21
"GS","Financial","Investment Brokerage - National",70628.96,2.04,20.26%,-1.60%,17.60%,-3.00%,1.10%,72.50%,20.70%,13.70%,167.31,181.21
"XEL","Utilities","Electric Utilities",21859.82,2.02,5.42%,3.70%,5.42%,1.30%,5.90%,93.10%,19.90%,9.90%,40.63,43.82
"MAT","Consumer Goods","Toys & Games",11133.01,1.98,34.26%,-10.30%,13.15%,-0.50%,9.40%,48.20%,9.50%,6.10%,31.60,35.33
"CMS","Utilities","Electric Utilities",12172.89,1.97,7.98%,6.60%,7.27%,0.10%,6.70%,64.10%,19.20%,8.80%,41.42,45.25
"FBHS","Consumer Goods","Home Furnishings & Fixtures",9576.88,1.97,14.62%,35.50%,15.73%,7.20%,9.50%,35.10%,12.00%,7.80%,58.39,64.60
"FMC","Basic Materials","Chemicals - Major Diversified",6518.11,1.95,13.54%,-20.10%,10.36%,1.00%,-2.30%,33.00%,5.40%,-2.80%,45.06,50.07
"ADS","Services","Business Services",13192.90,1.95,12.62%,20.30%,14.28%,18.20%,6.30%,41.40%,19.50%,7.20%,214.99,256.55
"ED","Utilities","Electric Utilities",23570.87,1.95,4.21%,3.20%,1.98%,-1.20%,6.70%,74.70%,19.70%,9.50%,73.50,75.32
"WU","Financial","Credit Services",10503.87,1.93,4.97%,3.60%,7.64%,1.10%,21.80%,40.80%,20.30%,15.30%,20.56,19.50
"IBM","Technology","Information Technology Services",154517.94,1.93,4.42%,3.40%,2.85%,-3.90%,23.40%,48.90%,14.70%,14.90%,156.41,154.98
"RSG","Industrial Goods","Waste Management",17690.52,1.92,9.20%,10.20%,9.30%,2.40%,7.30%,39.20%,16.50%,7.80%,50.19,55.78
"PCG","Utilities","Electric Utilities",32174.65,1.91,-1.80%,-8.70%,5.70%,4.00%,4.50%,67.40%,7.40%,4.50%,60.87,67.53
"TEL","Technology","Diversified Electronics",22552.30,1.90,8.46%,20.20%,12.18%,0.90%,10.50%,32.80%,15.10%,22.00%,60.88,68.44
"NI","Utilities","Diversified Utilities",7969.13,1.88,7.91%,-10.20%,-12.90%,-6.10%,5.20%,69.90%,20.00%,6.20%,23.34,25.40
"PPG","Basic Materials","Specialty Chemicals",28567.28,1.87,10.14%,17.20%,8.87%,2.70%,15.80%,44.80%,14.30%,9.60%,101.34,123.11
"JNPR","Technology","Networking & Communication Devices",9081.40,1.86,9.16%,6.70%,12.62%,3.50%,10.60%,63.20%,18.20%,12.80%,22.64,26.92
"MHK","Consumer Goods","Home Furnishings & Fixtures",15891.01,1.84,8.12%,25.70%,8.05%,8.70%,8.80%,31.40%,13.10%,9.70%,203.61,237.96
"LEG","Consumer Goods","Home Furnishings & Fixtures",7047.95,1.83,8.61%,14.40%,10.20%,3.10%,17.80%,24.50%,13.70%,10.00%,49.23,51.25
"BLL","Consumer Goods","Packaging & Containers",13993.43,1.82,24.97%,-7.60%,9.70%,0.90%,8.90%,20.20%,4.90%,4.00%,77.54,84.00
"NTAP","Technology","Data Storage Devices",10015.21,1.82,12.77%,-14.70%,12.00%,1.60%,4.40%,60.90%,8.50%,5.90%,35.00,30.15
"BHI","Basic Materials","Oil & Gas Equipment & Services",22197.01,1.81,95.00%,-33.10%,45.90%,1.80%,-8.60%,-0.50%,-22.40%,-25.10%,48.58,52.76
"AXP","Financial","Credit Services",61924.25,1.79,0.62%,8.50%,7.74%,2.80%,4.00%,71.80%,24.90%,15.90%,64.39,67.81
"MS","Financial","Investment Brokerage - National",62514.65,1.79,18.81%,3.40%,8.55%,0.10%,1.50%,86.70%,20.40%,11.90%,31.55,32.67
"KORS","Consumer Goods","Textile - Apparel Clothing",8411.25,1.78,5.52%,71.60%,3.57%,42.50%,42.10%,59.10%,23.60%,17.20%,47.48,55.55
"CVX","Basic Materials","Major Integrated Oil & Gas",198325.12,1.78,277.08%,-23.70%,29.61%,-8.10%,-0.10%,41.30%,-6.10%,-0.70%,99.81,110.75
"HBI","Consumer Goods","Textile - Apparel Clothing",10105.30,1.78,15.04%,16.60%,12.34%,6.70%,14.20%,37.50%,12.50%,8.60%,25.98,34.50
"HD","Services","Home Improvement Stores",163260.43,1.77,13.36%,22.10%,13.95%,5.40%,28.20%,34.20%,13.80%,8.10%,126.15,150.55
"DTE","Utilities","Electric Utilities",17247.63,1.74,4.06%,1.50%,5.35%,3.90%,5.50%,,12.20%,7.50%,91.40,102.02
"CAG","Consumer Goods","Processed & Packaged Goods",20236.86,1.74,9.15%,-10.30%,7.28%,-1.20%,7.30%,27.10%,7.70%,-5.90%,44.12,51.10
"RTN","Industrial Goods","Aerospace/Defense Products & Services",41473.07,1.73,4.48%,7.10%,10.26%,-1.60%,14.70%,24.70%,13.00%,9.00%,137.40,155.31
"COF","Financial","Credit Services",37453.50,1.73,11.05%,0.90%,4.40%,5.90%,14.60%,,66.00%,17.40%,71.27,78.57
"LB","Services","Apparel Stores",21419.58,1.73,7.07%,11.80%,10.00%,4.80%,27.70%,41.90%,17.30%,9.70%,71.93,78.56
"FOXA","Services","Entertainment - Diversified",47076.12,1.72,13.45%,10.30%,13.85%,2.40%,9.10%,37.30%,15.20%,10.10%,23.61,32.45
"RCL","Services","Resorts & Casinos",14547.86,1.72,15.01%,5.00%,20.03%,4.20%,5.30%,39.50%,11.30%,9.10%,67.60,94.82
"PNR","Industrial Goods","Industrial Equipment & Components",11390.31,1.72,21.49%,-17.00%,12.00%,16.30%,0.40%,33.90%,2.70%,-1.30%,59.10,63.79
"VZ","Technology","Telecom Services - Domestic",221651.94,1.70,3.54%,37.20%,3.12%,4.30%,18.40%,59.40%,22.90%,11.10%,51.37,54.09
"EMR","Industrial Goods","Industrial Electrical Equipment",34813.83,1.69,4.00%,9.00%,5.66%,1.20%,12.40%,40.20%,13.80%,9.00%,51.47,51.28
"CBS","Services","Entertainment - Diversified",24125.04,1.69,7.53%,19.40%,17.21%,0.60%,13.10%,40.60%,18.80%,11.10%,51.89,63.00
"DOV","Industrial Goods","Diversified Machinery",11410.94,1.68,17.22%,2.70%,10.29%,2.60%,11.20%,37.20%,12.20%,8.00%,68.56,73.50
"TDC","Technology","Data Storage Devices",4135.79,1.68,0.25%,-23.50%,9.28%,5.50%,-16.30%,50.70%,3.30%,1.90%,29.53,28.59
"SYF","Financial","Credit Services",23205.85,1.67,13.24%,11.60%,6.10%,8.60%,21.20%,,66.60%,15.70%,26.70,35.14
"SWK","Industrial Goods","Machine Tools & Accessories",18624.95,1.65,9.50%,42.60%,10.33%,8.30%,11.10%,36.80%,12.40%,8.50%,120.54,128.23
"XOM","Basic Materials","Major Integrated Oil & Gas",371172.80,1.64,87.35%,-9.20%,19.41%,-6.90%,3.60%,28.40%,2.70%,4.60%,85.48,89.63
"HRB","Services","Personal Services",4925.93,1.63,7.41%,3.80%,10.00%,0.60%,29.40%,46.80%,20.60%,11.60%,22.07,26.25
"UPS","Services","Air Delivery & Freight Services",96473.82,1.63,6.43%,9.90%,9.62%,3.30%,30.80%,82.10%,13.30%,8.40%,107.04,112.06
"MAS","Industrial Goods","General Building Materials",11757.14,1.62,23.22%,18.70%,20.13%,-0.90%,19.00%,32.90%,14.30%,6.00%,33.12,38.87
"NOC","Industrial Goods","Aerospace/Defense - Major Diversified",38174.52,1.62,5.07%,10.10%,8.26%,-3.50%,19.10%,23.60%,12.80%,8.70%,209.56,233.58
"T","Technology","Telecom Services - Domestic",259782.31,1.60,5.59%,-6.00%,8.19%,3.40%,7.10%,54.20%,16.70%,8.80%,39.87,42.83
"UTX","Industrial Goods","Aerospace/Defense Products & Services",89668.66,1.59,4.84%,-11.40%,8.24%,1.40%,10.80%,27.70%,12.40%,12.80%,102.59,114.87
"DGX","Healthcare","Medical Laboratories & Research",11890.48,1.59,6.68%,4.10%,7.82%,0.60%,12.30%,38.70%,20.70%,11.00%,82.25,82.65
"TJX","Services","Department Stores",50585.15,1.57,9.70%,15.10%,10.70%,7.10%,39.20%,28.90%,11.70%,7.20%,74.51,85.47
"TGNA","Services","Broadcasting - TV",4765.30,1.56,-15.89%,-7.90%,10.95%,-10.90%,11.20%,70.80%,32.20%,13.60%,21.11,27.14
"DISCA","Services","CATV Systems",10109.01,1.56,12.49%,1.00%,15.70%,11.50%,11.20%,62.80%,31.20%,11.90%,24.81,29.05
"HRS","Technology","Communication Equipment",11661.89,1.56,9.22%,-10.10%,41.80%,6.60%,6.90%,31.30%,10.50%,4.30%,90.84,100.86
"HOG","Consumer Goods","Recreational Vehicles",9532.24,1.56,7.00%,27.30%,9.70%,4.30%,8.70%,40.20%,17.70%,11.70%,51.48,52.08
"ALK","Services","Regional Airlines",8897.53,1.55,1.56%,30.90%,3.91%,7.90%,26.90%,46.30%,24.40%,15.90%,68.52,81.11
"EXPD","Services","Air Delivery & Freight Services",9442.00,1.54,5.72%,8.60%,8.84%,2.10%,26.30%,35.40%,11.40%,7.30%,50.59,51.31
"LH","Healthcare","Medical Laboratories & Research",14438.01,1.53,10.57%,-3.90%,10.08%,11.60%,6.30%,33.00%,12.90%,6.60%,132.89,150.10
"ETN","Industrial Goods","Diversified Machinery",30717.52,1.52,6.86%,9.10%,8.12%,8.70%,9.40%,31.90%,11.20%,9.30%,63.33,67.00
"GD","Industrial Goods","Aerospace/Defense Products & Services",47114.23,1.51,3.06%,5.90%,7.50%,-0.60%,21.50%,19.60%,13.40%,9.50%,151.09,168.69
"LMT","Industrial Goods","Aerospace/Defense Products & Services",73454.88,1.50,-4.21%,-4.10%,6.00%,0.20%,21.90%,11.10%,11.20%,7.60%,237.79,263.38
"PH","Industrial Goods","Industrial Equipment & Components",16937.48,1.49,9.49%,-1.50%,9.22%,-1.60%,10.60%,23.00%,9.80%,7.10%,121.29,118.87
"CNP","Utilities","Gas Utilities",10334.39,1.48,6.27%,-28.50%,5.26%,-3.40%,10.80%,,13.20%,-10.70%,22.47,24.08
"CF","Basic Materials","Agricultural Chemicals",6175.46,1.48,8.26%,22.70%,-4.79%,1.70%,8.30%,28.40%,12.70%,4.60%,23.91,25.20
"JBHT","Services","Trucking",9329.22,1.47,12.38%,18.60%,12.97%,10.30%,19.70%,20.40%,11.50%,6.90%,79.66,90.25
"FLS","Industrial Goods","Diversified Machinery",6398.90,1.47,6.46%,-2.70%,8.58%,2.50%,11.50%,33.00%,10.90%,6.10%,46.34,45.56
"TSCO","Services","Specialty Retail, Other",9367.17,1.45,12.68%,21.70%,14.10%,11.30%,26.50%,34.40%,10.40%,6.60%,69.23,100.37
"MU","Technology","Semiconductor- Memory Chips",18486.33,1.45,1240.00%,6.00%,1.00%,13.80%,14.20%,22.70%,4.90%,2.90%,16.69,17.05
"AMP","Financial","Asset Management",16608.67,1.42,12.17%,17.00%,8.40%,4.90%,7.90%,47.40%,18.20%,12.50%,99.72,109.50
"AFL","Financial","Accident & Health Insurance",30295.29,1.41,1.97%,3.50%,9.29%,-0.20%,12.40%,,19.50%,12.00%,72.08,72.18
"OKE","Utilities","Gas Utilities",10839.59,1.40,6.44%,-5.10%,12.16%,-9.30%,7.30%,30.00%,12.60%,3.60%,47.09,44.73
"LKQ","Consumer Goods","Auto Parts",11136.36,1.40,13.28%,19.10%,26.75%,23.80%,10.30%,38.90%,9.10%,5.60%,35.13,39.10
"WYN","Services","Lodging",7740.48,1.39,9.85%,20.20%,12.94%,7.50%,11.60%,50.70%,17.60%,10.40%,67.03,82.00
"GWW","Services","Industrial Equipment Wholesale",13977.50,1.39,8.04%,10.80%,6.20%,6.80%,19.60%,41.20%,12.10%,6.80%,223.70,220.62
"LM","Financial","Asset Management",3674.64,1.39,42.79%,-16.60%,14.52%,-0.90%,-1.10%,80.40%,,,34.00,40.33
"NOV","Basic Materials","Oil & Gas Equipment & Services",13638.22,1.37,59.80%,-20.10%,-4.45%,4.00%,-2.80%,13.50%,-18.70%,-17.10%,33.16,32.07
"SEE","Consumer Goods","Packaging & Containers",9336.03,1.37,15.38%,2.30%,9.08%,9.40%,11.30%,37.00%,10.30%,5.10%,45.39,54.50
"OMC","Services","Advertising Agencies",20733.02,1.36,7.42%,10.60%,6.25%,3.80%,19.00%,25.20%,12.80%,7.30%,83.87,82.36
"IR","Industrial Goods","Diversified Machinery",18000.74,1.34,9.15%,2.80%,9.02%,-1.00%,9.10%,30.80%,11.60%,10.70%,64.16,74.47
"ETR","Utilities","Electric Utilities",14634.04,1.34,-23.00%,-16.50%,-2.14%,0.00%,1.50%,86.80%,-2.50%,1.60%,77.10,82.63
"DOW","Basic Materials","Chemicals - Major Diversified",60603.11,1.31,14.91%,27.80%,8.06%,-1.90%,21.80%,23.30%,23.10%,17.50%,51.87,60.25
"MOS","Basic Materials","Agricultural Chemicals",9980.86,1.31,105.70%,-13.20%,7.00%,-2.20%,8.80%,14.20%,8.20%,7.40%,26.38,26.33
"ENDP","Healthcare","Drug Manufacturers - Other",4775.68,1.29,9.44%,-21.90%,4.43%,13.80%,0.90%,30.50%,-31.70%,-25.90%,20.11,29.39
"UHS","Healthcare","Hospitals",12066.19,1.28,8.80%,23.60%,8.60%,13.00%,11.30%,,13.70%,7.40%,121.48,148.87
"URI","Services","Rental & Leasing Services",7411.27,1.28,1.61%,79.60%,20.60%,21.10%,11.80%,41.80%,24.90%,10.50%,77.44,74.69
"TRV","Financial","Property & Casualty Insurance",34018.33,1.26,3.45%,10.40%,4.50%,1.30%,12.70%,,17.40%,11.60%,114.51,114.56
"VIAB","Services","Entertainment - Diversified",16296.34,1.25,9.68%,19.70%,1.76%,7.30%,16.40%,48.20%,24.80%,15.80%,37.00,46.58
"FTI","Basic Materials","Oil & Gas Equipment & Services",6628.79,1.24,5.23%,2.10%,3.92%,9.10%,13.20%,21.50%,5.20%,3.00%,27.85,31.33
"DLPH","Consumer Goods","Auto Parts",19562.34,1.24,11.86%,16.60%,12.63%,1.90%,21.70%,19.90%,10.00%,8.10%,67.95,84.07
"URBN","Services","Apparel Stores",4327.43,1.24,9.10%,2.10%,13.52%,8.70%,17.70%,35.60%,10.50%,6.60%,35.65,36.77
"HSIC","Services","Medical Equipment Wholesale",13678.86,1.23,10.01%,10.30%,11.27%,7.10%,14.10%,28.10%,6.70%,4.40%,160.68,173.88
"AAP","Services","Auto Parts Stores",11731.27,1.23,10.91%,10.10%,10.61%,10.40%,14.90%,45.00%,8.30%,4.80%,151.32,163.11
"IPG","Services","Advertising Agencies",9446.93,1.22,11.84%,18.40%,5.00%,3.20%,14.50%,,10.70%,6.40%,22.48,25.62
"MAR","Services","Lodging",18255.88,1.22,13.80%,21.10%,16.47%,4.40%,184.50%,14.70%,9.40%,5.90%,68.62,76.75
"DO","Basic Materials","Oil & Gas Drilling & Exploration",2415.87,1.19,-26.74%,-18.00%,,-6.10%,-2.90%,50.10%,-33.30%,-30.20%,15.11,18.67
"LUV","Services","Regional Airlines",24349.27,1.19,2.66%,39.70%,13.94%,10.40%,26.30%,76.00%,21.80%,12.00%,37.24,48.73
"WDC","Technology","Data Storage Devices",15411.57,1.19,42.18%,-20.20%,0.90%,6.40%,2.00%,26.40%,3.60%,1.90%,52.28,61.67
"CAT","Industrial Goods","Farm & Construction Machinery",49489.51,1.18,0.97%,-3.40%,5.56%,2.00%,4.80%,27.30%,4.50%,2.60%,80.40,73.94
"AIG","Financial","Property & Casualty Insurance",63556.42,1.18,37.48%,-58.20%,18.64%,-4.80%,3.00%,,1.20%,-0.60%,58.17,64.38
"LLL","Industrial Goods","Aerospace/Defense Products & Services",11747.69,1.18,8.31%,-13.10%,9.93%,-4.80%,5.60%,10.10%,6.00%,-0.90%,147.28,164.30
"FL","Consumer Goods","Textile - Apparel Footwear & Accessories",8887.05,1.17,10.07%,28.90%,9.17%,8.00%,20.30%,33.90%,11.40%,7.30%,64.97,75.37
"AVY","Consumer Goods","Business Equipment",6985.11,1.17,10.21%,5.50%,11.03%,0.60%,13.60%,27.80%,7.20%,5.20%,75.79,85.80
"PFG","Financial","Life Insurance",14246.43,1.17,7.59%,16.20%,6.26%,8.70%,9.80%,,12.50%,10.20%,48.54,48.36
"RL","Consumer Goods","Textile - Apparel Clothing",8552.22,1.17,8.88%,-4.30%,6.54%,5.50%,9.00%,56.10%,6.20%,4.20%,100.49,102.31
"DRI","Services","Restaurants",7951.24,1.15,10.57%,-4.00%,15.09%,-1.60%,22.20%,22.30%,9.00%,5.40%,62.44,69.41
"PCAR","Consumer Goods","Trucks & Other Vehicles",20529.17,1.15,-7.91%,29.30%,5.19%,13.20%,10.20%,19.90%,7.30%,3.70%,56.49,58.78
"EXC","Utilities","Diversified Utilities",32374.26,1.13,2.18%,-8.10%,3.06%,9.60%,6.40%,58.50%,10.60%,4.80%,33.32,38.47
"CMI","Industrial Goods","Diversified Machinery",20590.14,1.13,-2.35%,8.30%,0.62%,7.60%,16.60%,25.70%,10.00%,7.00%,117.79,119.83
"NAVI","Financial","Credit Services",4709.66,1.12,5.92%,0.00%,4.40%,,0.80%,47.60%,31.40%,19.70%,13.82,16.40
"LYB","Basic Materials","Specialty Chemicals",32886.61,1.12,1.24%,-11.60%,-0.82%,-4.50%,30.00%,21.60%,18.70%,13.90%,74.39,88.39
"PVH","Consumer Goods","Textile - Apparel Clothing",8848.46,1.09,12.91%,53.50%,6.90%,11.60%,8.80%,51.90%,10.70%,8.30%,106.74,118.06
"L","Financial","Property & Casualty Insurance",14265.56,1.09,28.52%,-25.50%,5.61%,-1.80%,2.90%,,2.20%,0.10%,41.29,42.00
"LOW","Services","Home Improvement Stores",65497.95,1.07,17.26%,13.90%,16.37%,3.90%,15.30%,34.70%,8.80%,4.60%,71.21,87.65
"EMN","Basic Materials","Chemicals - Major Diversified",9800.26,1.06,8.93%,0.10%,5.22%,10.60%,10.10%,26.50%,14.90%,9.60%,63.88,76.00
"PHM","Industrial Goods","Residential Construction",7235.58,1.06,33.04%,19.80%,18.80%,5.50%,6.90%,23.20%,12.70%,7.80%,19.69,24.09
"FCX","Basic Materials","Copper",15218.60,1.06,130.49%,-34.90%,,-3.50%,-40.50%,-3.40%,-82.80%,-87.70%,10.15,11.99
"DHI","Industrial Goods","Residential Construction",11877.97,1.02,12.80%,21.40%,13.10%,19.70%,7.70%,21.50%,10.90%,7.30%,30.16,35.04
"NUE","Basic Materials","Steel & Iron",15908.90,1.02,16.81%,21.60%,23.81%,0.70%,5.60%,11.20%,6.60%,3.00%,46.09,54.46
"NWSA","Services","Broadcasting - TV",8410.75,1.01,17.79%,-25.00%,5.03%,-1.80%,1.70%,,1.80%,2.10%,13.73,15.47
"PBI","Consumer Goods","Business Equipment",3479.63,1.00,16.06%,5.00%,4.00%,-7.40%,16.50%,56.40%,15.80%,8.20%,17.78,23.17
"FSLR","Technology","Semiconductor - Specialized",3969.45,0.99,-47.52%,-6.90%,,6.90%,9.00%,29.30%,17.60%,17.50%,36.51,56.16
"GPC","Services","Specialty Retail, Other",15090.52,0.99,8.12%,9.10%,4.20%,6.40%,18.50%,29.80%,7.30%,4.60%,97.78,99.33
"DE","Industrial Goods","Farm & Construction Machinery",26554.73,0.99,-10.98%,5.80%,-2.74%,1.80%,5.80%,30.90%,11.10%,5.90%,81.46,83.10
"STX","Technology","Data Storage Devices",10980.72,0.98,7.31%,-5.60%,-10.20%,0.30%,7.30%,23.40%,4.00%,2.20%,36.12,32.74
"FE","Utilities","Electric Utilities",14584.29,0.98,-1.69%,-10.90%,-3.95%,2.40%,4.70%,71.70%,3.90%,-4.00%,32.72,36.33
"LEN","Industrial Goods","Residential Construction",9917.09,0.97,9.65%,46.70%,8.70%,25.20%,6.70%,13.70%,12.60%,8.40%,44.97,
"DG","Services","Discount, Variety Stores",20246.32,0.96,9.04%,16.70%,13.65%,9.30%,15.00%,31.00%,9.60%,5.90%,70.36,85.86
"SIG","Services","Jewelry Stores",6313.05,0.96,13.65%,20.40%,12.00%,13.80%,11.60%,37.30%,11.60%,7.90%,78.84,112.20
"RHI","Services","Staffing & Outsourcing Services",5040.90,0.96,7.96%,43.50%,8.25%,9.90%,35.50%,41.40%,11.10%,6.90%,37.53,41.13
"DLTR","Services","Discount, Variety Stores",19472.98,0.95,20.06%,-4.00%,19.07%,21.40%,7.40%,30.00%,7.20%,3.50%,80.30,94.75
"IP","Consumer Goods","Packaging & Containers",20388.97,0.95,7.86%,7.00%,5.31%,-2.30%,11.50%,28.60%,7.70%,3.60%,47.86,49.25
"DVA","Healthcare","Specialized Health Services",13552.86,0.94,10.51%,-8.60%,13.50%,17.20%,6.20%,28.50%,10.10%,2.50%,64.16,79.63
"XL","Financial","Property & Casualty Insurance",9659.11,0.93,78.80%,19.10%,17.63%,7.40%,8.10%,,10.60%,11.50%,33.85,39.69
"CSC","Technology","Information Technology Services",6723.63,0.93,18.06%,-36.80%,8.00%,-14.50%,3.40%,26.10%,,,45.91,52.30
"BWA","Consumer Goods","Auto Parts",7935.88,0.92,9.48%,12.00%,10.55%,7.30%,10.80%,21.00%,11.30%,7.10%,34.73,38.93
"DISCK","Services","CATV Systems",5889.98,0.91,12.10%,0.00%,15.97%,,,,,,23.86,27.67
"HIG","Financial","Property & Casualty Insurance",16186.87,0.89,24.68%,9.20%,6.83%,-3.50%,8.80%,,9.70%,7.30%,41.73,46.92
"FDX","Services","Air Delivery & Freight Services",44579.77,0.89,12.32%,7.30%,11.40%,5.10%,7.80%,71.30%,6.10%,3.60%,160.29,182.22
"HAR","Consumer Goods","Electronic Equipment",6057.00,0.88,8.40%,21.30%,14.73%,12.90%,10.70%,30.30%,8.40%,5.20%,80.33,97.90
"CTL","Technology","Telecom Services - Domestic",15578.18,0.87,-5.93%,-12.70%,0.06%,20.50%,6.30%,56.60%,15.40%,5.50%,27.34,29.85
"BA","Industrial Goods","Aerospace/Defense Products & Services",83932.60,0.87,52.93%,10.90%,11.13%,8.40%,33.50%,13.60%,5.30%,3.80%,129.27,149.27
"WRK","Consumer Goods","Packaging & Containers",12328.03,0.85,7.13%,0.50%,-6.91%,30.50%,3.60%,19.40%,1.20%,-5.30%,46.72,70.56
"PGR","Financial","Property & Casualty Insurance",18776.21,0.85,24.95%,6.00%,9.27%,6.50%,14.40%,,8.00%,4.80%,31.11,32.63
"CI","Healthcare","Health Care Plans",32898.84,0.85,17.92%,11.60%,11.47%,12.40%,12.10%,,8.10%,5.10%,127.66,151.92
"PDCO","Services","Medical Equipment Wholesale",4706.64,0.84,10.52%,0.00%,9.10%,9.50%,9.30%,24.20%,6.30%,3.50%,45.24,50.00
"FTR","Technology","Telecom Services - Domestic",5693.65,0.84,-12.50%,-26.80%,7.30%,8.00%,4.20%,63.90%,11.10%,-8.20%,4.37,5.85
"LNC","Financial","Life Insurance",11041.83,0.81,12.10%,15.40%,11.01%,5.10%,7.60%,,11.50%,7.70%,47.01,50.00
"CBG","Financial","Property Management",10076.80,0.81,4.79%,22.10%,11.83%,16.20%,7.20%,31.20%,5.90%,4.30%,28.11,34.50
"TXT","Industrial Goods","Aerospace/Defense - Major Diversified",11162.39,0.81,8.54%,52.50%,9.04%,5.00%,10.10%,17.80%,8.60%,5.30%,39.84,45.60
"WBA","Services","Drug Stores",92358.22,0.79,11.40%,13.60%,12.98%,8.90%,8.00%,25.80%,4.90%,2.70%,82.46,91.98
"KMX","Services","Auto Dealerships",11848.48,0.78,8.07%,12.90%,14.33%,11.00%,4.60%,13.40%,6.50%,4.00%,56.25,61.56
"UNM","Financial","Accident & Health Insurance",8402.59,0.77,5.65%,-8.30%,7.78%,1.10%,8.90%,,13.00%,8.00%,35.32,35.45
"CHRW","Services","Air Delivery & Freight Services",10007.14,0.77,5.04%,8.50%,8.65%,7.80%,26.60%,17.80%,6.80%,4.10%,68.19,73.65
"LUK","Financial","Investment Brokerage - National",7164.59,0.76,,-37.70%,18.00%,55.40%,1.20%,24.60%,-4.80%,-3.00%,18.91,23.00
"DAL","Services","Major Airlines",29962.44,0.74,0.30%,51.60%,11.75%,5.10%,27.00%,61.00%,19.60%,11.90%,37.61,52.46
"UNH","Healthcare","Health Care Plans",130835.24,0.74,14.55%,8.00%,14.95%,10.80%,10.10%,,6.60%,3.50%,134.00,161.77
"HCA","Healthcare","Hospitals",29958.58,0.74,6.98%,12.60%,11.69%,7.20%,18.90%,83.40%,14.10%,5.90%,76.08,91.05
"TSN","Consumer Goods","Meat Products",28045.06,0.73,7.54%,7.50%,18.20%,7.80%,9.00%,12.00%,7.30%,4.30%,73.75,82.20
"ALL","Financial","Property & Casualty Insurance",25909.41,0.71,41.30%,24.60%,11.54%,2.20%,9.30%,,6.60%,4.20%,68.06,74.44
"HPE","Technology","Diversified Computer Systems",36155.96,0.71,6.99%,0.00%,6.22%,-2.60%,5.10%,29.00%,6.80%,8.30%,21.31,21.56
"MET","Financial","Life Insurance",48181.32,0.70,22.37%,10.20%,8.73%,5.80%,5.20%,,10.70%,6.20%,44.36,49.00
"AET","Healthcare","Health Care Plans",41119.80,0.67,10.03%,10.20%,12.06%,12.00%,11.50%,,7.60%,3.90%,114.37,137.19
"RIG","Basic Materials","Oil & Gas Drilling & Exploration",3817.95,0.66,-137.90%,-17.40%,,-1.50%,5.10%,50.60%,30.70%,21.90%,9.26,9.18
"WHR","Consumer Goods","Appliances",13440.67,0.65,17.98%,4.30%,13.40%,2.60%,12.30%,18.00%,6.60%,4.30%,166.94,209.71
"AA","Basic Materials","Aluminum",13561.24,0.64,29.84%,-26.10%,8.65%,1.40%,1.40%,18.20%,1.80%,-2.70%,9.54,11.33
"AES","Utilities","Electric Utilities",8715.18,0.64,14.39%,-7.10%,3.35%,-0.60%,2.80%,18.20%,4.10%,-1.90%,12.43,13.07
"GPS","Services","Apparel Stores",9650.19,0.62,7.31%,3.50%,5.72%,1.50%,22.80%,35.60%,8.20%,4.60%,23.19,23.75
"PRU","Financial","Life Insurance",35173.31,0.62,17.05%,14.80%,5.98%,8.00%,8.00%,,10.50%,8.00%,79.00,
"JWN","Services","Apparel Stores",8788.92,0.61,10.19%,2.80%,6.00%,8.30%,19.70%,35.50%,5.60%,2.90%,49.20,48.89
"AIZ","Financial","Accident & Health Insurance",5480.31,0.61,20.25%,-3.90%,11.90%,3.90%,3.50%,,7.80%,5.00%,88.67,98.67
"CHK","Basic Materials","Independent Oil & Gas",6352.98,0.60,481.80%,-61.30%,,6.40%,-145.70%,61.90%,,-91.80%,7.33,5.37
"CVS","Healthcare","Health Care Plans",99839.47,0.60,12.24%,13.30%,14.58%,9.90%,9.40%,16.60%,5.40%,2.90%,91.03,111.46
"WFM","Services","Grocery Stores",9259.68,0.59,-0.26%,15.70%,4.20%,11.30%,13.50%,34.50%,5.00%,3.00%,28.00,31.10
"SYY","Services","Food Wholesale",29534.13,0.59,11.81%,-3.40%,10.06%,5.10%,12.50%,17.90%,3.70%,1.90%,49.74,52.30
"BBBY","Services","Home Furnishing Stores",7070.81,0.58,4.32%,10.70%,4.11%,6.70%,22.90%,38.00%,11.20%,6.70%,43.26,43.42
"XRX","Technology","Information Technology Services",10261.85,0.58,1.15%,2.50%,3.00%,-3.60%,3.70%,29.60%,2.70%,2.30%,9.80,11.15
"COST","Services","Discount, Variety Stores",67671.94,0.57,12.79%,12.90%,9.13%,8.30%,14.50%,13.20%,3.10%,2.00%,150.79,172.15
"TGT","Services","Discount, Variety Stores",40103.91,0.56,7.71%,5.60%,8.00%,1.80%,15.30%,29.70%,7.80%,4.60%,69.07,75.24
"JEC","Services","Technical Services",6319.67,0.55,6.01%,4.20%,7.58%,4.10%,7.00%,15.80%,2.70%,1.80%,50.26,54.06
"R","Services","Rental & Leasing Services",3651.30,0.55,5.55%,19.30%,15.00%,5.10%,4.40%,55.60%,7.70%,4.40%,64.48,78.00
"GT","Consumer Goods","Rubber & Plastics",8505.05,0.54,5.88%,26.70%,6.49%,-2.70%,8.00%,26.80%,5.30%,1.80%,31.07,34.33
"HPQ","Technology","Diversified Computer Systems",25777.27,0.54,-0.25%,-7.70%,2.03%,-3.90%,14.40%,18.90%,7.70%,6.90%,14.28,15.54
"PWR","Industrial Goods","General Contractors",3942.79,0.54,26.68%,-1.80%,18.65%,15.80%,3.90%,11.70%,2.10%,3.40%,24.90,27.20
"AAL","Services","Major Airlines",20770.70,0.52,-10.00%,57.90%,,13.10%,34.90%,36.20%,15.30%,16.50%,37.41,41.08
"HUM","Healthcare","Health Care Plans",26340.22,0.48,15.98%,5.50%,14.63%,10.10%,9.90%,,4.10%,1.80%,176.07,202.15
"UAL","Services","Major Airlines",17793.49,0.48,-17.08%,78.30%,,10.20%,40.00%,34.10%,12.70%,17.70%,51.83,59.00
"PSX","Basic Materials","Oil & Gas Refining & Marketing",42397.00,0.48,66.56%,46.10%,-0.20%,-7.30%,13.20%,29.20%,5.30%,3.50%,77.69,84.13
"WMT","Services","Discount, Variety Stores",227372.13,0.47,3.43%,1.80%,3.28%,2.70%,13.40%,25.50%,4.90%,3.00%,71.52,73.16
"OI","Consumer Goods","Packaging & Containers",3027.40,0.46,9.18%,-11.20%,11.28%,-1.50%,2.80%,18.80%,5.30%,3.00%,17.24,21.21
"ESRX","Healthcare","Health Care Plans",46064.69,0.45,7.69%,10.00%,15.07%,17.70%,9.00%,8.40%,4.50%,2.60%,70.86,82.09
"FOSL","Consumer Goods","Textile - Apparel Footwear & Accessories",1382.45,0.44,11.44%,3.60%,-2.57%,9.70%,12.10%,53.00%,6.30%,4.50%,27.17,28.33
"M","Services","Department Stores",11158.09,0.42,3.37%,10.20%,11.60%,1.60%,12.00%,39.10%,6.00%,3.00%,34.57,41.76
"ANTM","Healthcare","Health Care Plans",34046.70,0.42,9.40%,6.20%,10.96%,6.20%,8.30%,,6.10%,2.80%,124.65,165.82
"KSS","Services","Department Stores",7863.17,0.41,5.29%,-1.20%,7.93%,0.90%,9.80%,35.90%,6.40%,3.00%,42.46,47.15
"ADM","Consumer Goods","Farm Products",25718.00,0.41,29.52%,-1.00%,6.33%,-3.40%,5.80%,5.60%,2.10%,2.40%,42.22,44.78
"FLR","Industrial Goods","Heavy Construction",7235.00,0.40,5.36%,7.60%,11.44%,-2.80%,12.10%,5.60%,3.40%,1.80%,49.85,54.33
"TSO","Basic Materials","Oil & Gas Refining & Marketing",9974.79,0.39,10.98%,128.30%,,6.90%,20.40%,25.20%,9.30%,5.10%,81.26,94.29
"CNC","Healthcare","Health Care Plans",11759.35,0.39,11.16%,26.30%,17.41%,38.60%,10.80%,,2.70%,1.20%,66.53,81.41
"MPC","Basic Materials","Oil & Gas Refining & Marketing",23573.06,0.37,46.48%,43.20%,-4.55%,2.90%,12.60%,11.40%,5.10%,3.00%,42.94,48.53
"VLO","Basic Materials","Oil & Gas Refining & Marketing",26356.92,0.34,58.09%,37.50%,-10.40%,1.30%,16.10%,15.50%,6.30%,3.90%,55.59,64.25
"F","Consumer Goods","Auto Manufacturers - Major",51886.74,0.33,-0.05%,2.10%,8.95%,3.00%,3.00%,14.60%,6.20%,5.80%,12.38,13.59
"GM","Consumer Goods","Auto Manufacturers - Major",50665.94,0.32,-1.64%,15.40%,10.25%,2.40%,7.00%,13.20%,5.30%,7.90%,30.95,36.47
"BBY","Services","Electronics Stores",12168.10,0.31,5.48%,-7.70%,11.15%,-4.50%,14.30%,23.50%,4.20%,2.60%,37.44,38.21
"NRG","Utilities","Diversified Utilities",4044.09,0.30,-78.80%,-65.90%,,10.60%,-24.20%,30.90%,-29.80%,-47.90%,10.98,17.29
"SPLS","Services","Specialty Retail, Other",5804.87,0.28,0.90%,-13.80%,0.63%,-2.70%,8.20%,26.00%,-1.40%,-2.10%,8.53,9.45
"KR","Services","Grocery Stores",29128.34,0.26,7.97%,18.90%,8.19%,6.00%,13.40%,22.40%,,,30.78,39.19
"AN","Services","Auto Dealerships",5189.70,0.24,9.96%,21.30%,9.57%,10.90%,10.10%,15.60%,4.10%,2.00%,48.19,56.78
"MCK","Services","Drugs Wholesale",42340.07,0.22,6.20%,18.00%,9.71%,11.20%,15.50%,5.90%,1.90%,1.20%,176.83,208.31
"CAH","Services","Drugs Wholesale",26095.08,0.21,11.46%,9.60%,11.33%,3.40%,13.30%,5.40%,2.00%,1.20%,77.94,93.86
"ABC","Services","Drugs Wholesale",21160.15,0.15,5.38%,-17.90%,10.63%,11.80%,-0.50%,2.90%,1.20%,1.10%,85.45,93.46
"BRK-B","Financial","Property & Casualty Insurance",347894.11,,,,,,,,,,146.03,
